<?xml version="1.0" encoding="UTF-8"?>
<!--
 Generated by PageSeeder ANT Excel import Task.
-->
<row position="4" title="0004" sheet-title="Sheet1" book-title="MoviesData">
  <col title="Title">Citizen Kane</col>
  <col title="Released">15097</col>
  <col title="Director">Orson Welles</col>
  <col title="Rating">PG</col>
  <col title="Genre"> Comedy</col>
  <col title="Country"></col>
  <col title="Summary">Citizen Kane is a 1941 American drama film by Orson Welles, its producer, co-author, director and star. The picture was Welles's first feature film. Nominated for Academy Awards in nine categories, it won an Academy Award for Best Writing (Original Screenplay) by Herman J. Mankiewicz and Welles. Considered by many critics, filmmakers, and fans to be the greatest film ever made, Citizen Kane was voted the greatest film of all time in five consecutive Sight and Sound polls of critics, until it was displaced by Vertigo in the 2012 poll. It topped the American Film Institute's 100 Years ... 100 Movies list in 1998, as well as AFI's 2007 update. Citizen Kane is particularly praised for its cinematography, music, and narrative structure, which were innovative for its time.
The story is a film that examines the life and legacy of Charles Foster Kane, played by Orson Welles, a character based in part upon the American newspaper magnate William Randolph Hearst, Chicago tycoons Samuel Insull and Harold McCormick, and aspects of Welles's own life. Upon its release, Hearst prohibited mention of the film in any of his newspapers. Kane's career in the publishing world is born of idealistic social service, but gradually evolves into a ruthless pursuit of power. Narrated principally through flashbacks, the story is told through the research of a newsreel reporter seeking to solve the mystery of the newspaper magnate's dying word: "Rosebud".
After the Broadway successes of Welles's Mercury Theatre and the controversial 1938 radio broadcast "The War of the Worlds" on The Mercury Theatre on the Air, Welles was courted by Hollywood. He signed a contract with RKO Pictures in 1939. Unusual for an untried director, he was given the freedom to develop his own story, to use his own cast and crew, and to have final cut privilege. Following two abortive attempts to get a project off the ground, he wrote the screenplay for Citizen Kane, collaborating on the effort with Herman Mankiewicz. Principal photography took place in 1940 and the film received its American release in 1941.
While a critical success, Citizen Kane failed to recoup its costs at the box office. The film faded from view after its release but was subsequently returned to the public's attention when it was praised by such French critics as Andre Bazin and given an American revival in 1956. The film was released on Blu-ray Disc on September 13, 2011, for a special 70th anniversary edition.
 </col>
</row>
