{
  "PSMLPropertiesConfig": {
    "fields": {
      "width" : {
        "type": "text",
        "label": "Width",
        "pattern": "[0-9]*"
      },
      "height" : {
        "type": "text",
        "label": "Height",
        "pattern": "[0-9]*"
      },
     "media-controls" : {
        "type": "select",
        "label": "Controls",
        "values": ["","true", "false"]
      },
     "media-autoplay" : {
        "type": "select",
        "label": "Autoplay",
        "values": ["","true", "false"]
      },
     "media-loop" : {
        "type": "select",
        "label": "Loop",
        "values": ["","true", "false"]
      },
     "media-muted" : {
        "type": "select",
        "label": "Muted",
        "values": ["","true", "false"]
      }
    }
  }
}

